{"cameraMode":{"drawMode":0,"name":"Shaded","section":"Shading Mode"},"sceneLighting":false,"audioPlay":false,"sceneViewState":{"showFog":true,"showMaterialUpdate":false,"showSkybox":false,"showFlares":true,"showImageEffects":true,"showParticleSystems":true},"in2DMode":false,"pivot":{"x":-119.05638122558594,"y":0.5597338676452637,"z":-190.88800048828126},"rotation":{"x":-0.01721195876598358,"y":0.9660404324531555,"z":-0.2490488588809967,"w":-0.06677772849798203},"size":27.16876983642578,"orthographic":false}