{"cameraMode":{"drawMode":0,"name":"Shaded","section":"Shading Mode"},"sceneLighting":false,"audioPlay":false,"sceneViewState":{"showFog":true,"showMaterialUpdate":false,"showSkybox":false,"showFlares":true,"showImageEffects":true,"showParticleSystems":true},"in2DMode":false,"pivot":{"x":-128.23660278320313,"y":0.6077867746353149,"z":-53.36640930175781},"rotation":{"x":-0.14159132540225984,"y":0.8223422765731812,"z":-0.23318584263324738,"w":-0.49932876229286196},"size":13.961832046508789,"orthographic":false}