{"cameraMode":{"drawMode":0,"name":"Shaded","section":"Shading Mode"},"sceneLighting":false,"audioPlay":false,"sceneViewState":{"showFog":true,"showMaterialUpdate":false,"showSkybox":false,"showFlares":true,"showImageEffects":true,"showParticleSystems":true},"in2DMode":false,"pivot":{"x":-84.42694091796875,"y":0.6077867746353149,"z":-53.37640380859375},"rotation":{"x":0.04752051457762718,"y":0.8564487099647522,"z":-0.08014628291130066,"w":0.5077730417251587},"size":11.884631156921387,"orthographic":false}