{"cameraMode":{"drawMode":0,"name":"Shaded","section":"Shading Mode"},"sceneLighting":true,"audioPlay":false,"sceneViewState":{"showFog":true,"showMaterialUpdate":false,"showSkybox":true,"showFlares":true,"showImageEffects":true,"showParticleSystems":true},"in2DMode":false,"pivot":{"x":27.64958953857422,"y":-1.3620758056640626,"z":-55.89625549316406},"rotation":{"x":0.18431299924850465,"y":0.5508814454078674,"z":-0.12625733017921449,"w":0.8041372895240784},"size":22.330839157104493,"orthographic":false}