{"cameraMode":{"drawMode":0,"name":"Shaded","section":"Shading Mode"},"sceneLighting":true,"audioPlay":false,"sceneViewState":{"showFog":true,"showMaterialUpdate":false,"showSkybox":true,"showFlares":true,"showImageEffects":true,"showParticleSystems":true},"in2DMode":false,"pivot":{"x":-49.25868225097656,"y":31.45651626586914,"z":-57.3864860534668},"rotation":{"x":-0.05332315340638161,"y":-0.8336950540542603,"z":0.08181139081716538,"w":-0.5435501337051392},"size":1.6330327987670899,"orthographic":false}