{"cameraMode":{"drawMode":0,"name":"Shaded","section":"Shading Mode"},"sceneLighting":false,"audioPlay":false,"sceneViewState":{"showFog":true,"showMaterialUpdate":false,"showSkybox":false,"showFlares":true,"showImageEffects":true,"showParticleSystems":true},"in2DMode":false,"pivot":{"x":14.801311492919922,"y":0.540764331817627,"z":0.021852493286132814},"rotation":{"x":-0.07863444089889527,"y":0.9163009524345398,"z":-0.32341817021369936,"w":-0.2227923572063446},"size":15.47789192199707,"orthographic":false}