{"cameraMode":{"drawMode":0,"name":"Shaded","section":"Shading Mode"},"sceneLighting":false,"audioPlay":false,"sceneViewState":{"showFog":true,"showMaterialUpdate":false,"showSkybox":false,"showFlares":true,"showImageEffects":true,"showParticleSystems":true},"in2DMode":false,"pivot":{"x":-30.82503890991211,"y":5.881478309631348,"z":-76.50654602050781},"rotation":{"x":0.06264236569404602,"y":0.9013094305992127,"z":-0.13927185535430909,"w":0.40538883209228518},"size":3.24358868598938,"orthographic":false}