{"cameraMode":{"drawMode":0,"name":"Shaded","section":"Shading Mode"},"sceneLighting":false,"audioPlay":false,"sceneViewState":{"showFog":false,"showMaterialUpdate":false,"showSkybox":false,"showFlares":false,"showImageEffects":true,"showParticleSystems":true},"in2DMode":false,"pivot":{"x":9.413614273071289,"y":1.3922886848449708,"z":-105.22289276123047},"rotation":{"x":-0.15447328984737397,"y":0.8103651404380798,"z":-0.2438695728778839,"w":-0.5101315379142761},"size":2.40185809135437,"orthographic":false}