{"cameraMode":{"drawMode":0,"name":"Shaded","section":"Shading Mode"},"sceneLighting":false,"audioPlay":false,"sceneViewState":{"showFog":false,"showMaterialUpdate":false,"showSkybox":false,"showFlares":false,"showImageEffects":true,"showParticleSystems":true},"in2DMode":false,"pivot":{"x":-135.36764526367188,"y":-7.968305587768555,"z":-29.888731002807618},"rotation":{"x":0.36091434955596926,"y":0.019196605309844018,"z":-0.007487337104976177,"w":0.9324346780776978},"size":26.794614791870118,"orthographic":false}