{"cameraMode":{"drawMode":0,"name":"Shaded","section":"Shading Mode"},"sceneLighting":false,"audioPlay":false,"sceneViewState":{"showFog":false,"showMaterialUpdate":false,"showSkybox":false,"showFlares":false,"showImageEffects":true,"showParticleSystems":true},"in2DMode":false,"pivot":{"x":-33.32585906982422,"y":1.6108102798461915,"z":-51.464569091796878},"rotation":{"x":-0.15611451864242555,"y":-0.1135331392288208,"z":0.0180676132440567,"w":-0.9810318350791931},"size":10.94884967803955,"orthographic":false}