{"cameraMode":{"drawMode":0,"name":"Shaded","section":"Shading Mode"},"sceneLighting":false,"audioPlay":false,"sceneViewState":{"showFog":false,"showMaterialUpdate":false,"showSkybox":false,"showFlares":false,"showImageEffects":true,"showParticleSystems":true},"in2DMode":false,"pivot":{"x":67.26858520507813,"y":5.878902435302734,"z":-12.388862609863282},"rotation":{"x":0.3929220736026764,"y":0.13169866800308228,"z":-0.057513974606990817,"w":0.9084246754646301},"size":17.500974655151368,"orthographic":false}