{"cameraMode":{"drawMode":0,"name":"Shaded","section":"Shading Mode"},"sceneLighting":false,"audioPlay":false,"sceneViewState":{"showFog":false,"showMaterialUpdate":false,"showSkybox":false,"showFlares":false,"showImageEffects":true,"showParticleSystems":true},"in2DMode":false,"pivot":{"x":-86.42900848388672,"y":5.9820380210876469,"z":-136.15679931640626},"rotation":{"x":0.20859012007713319,"y":0.04097892343997955,"z":-0.008811725303530693,"w":0.9771785736083984},"size":5.288082122802734,"orthographic":false}