{"cameraMode":{"drawMode":0,"name":"Shaded","section":"Shading Mode"},"sceneLighting":false,"audioPlay":false,"sceneViewState":{"showFog":false,"showMaterialUpdate":false,"showSkybox":false,"showFlares":false,"showImageEffects":true,"showParticleSystems":true},"in2DMode":false,"pivot":{"x":27.900976181030275,"y":11.097930908203125,"z":-113.1521224975586},"rotation":{"x":-0.05131032317876816,"y":-0.9218346476554871,"z":0.13276956975460053,"w":-0.36085325479507449},"size":10.728909492492676,"orthographic":false}