{"cameraMode":{"drawMode":0,"name":"Shaded","section":"Shading Mode"},"sceneLighting":false,"audioPlay":false,"sceneViewState":{"showFog":false,"showMaterialUpdate":false,"showSkybox":false,"showFlares":false,"showImageEffects":true,"showParticleSystems":true},"in2DMode":false,"pivot":{"x":-22.884939193725587,"y":2.1269843578338625,"z":-55.33333206176758},"rotation":{"x":0.04388986527919769,"y":0.9415825009346008,"z":-0.13538868725299836,"w":0.3052382469177246},"size":2.709761619567871,"orthographic":false}