{"cameraMode":{"drawMode":0,"name":"Shaded","section":"Shading Mode"},"sceneLighting":false,"audioPlay":false,"sceneViewState":{"showFog":false,"showMaterialUpdate":false,"showSkybox":false,"showFlares":false,"showImageEffects":true,"showParticleSystems":true},"in2DMode":false,"pivot":{"x":-79.09818267822266,"y":0.9667818546295166,"z":-119.09953308105469},"rotation":{"x":0.12253760546445847,"y":-0.7133610248565674,"z":0.12892033159732819,"w":0.6779043674468994},"size":15.2909517288208,"orthographic":false}