{"cameraMode":{"drawMode":0,"name":"Shaded","section":"Shading Mode"},"sceneLighting":false,"audioPlay":false,"sceneViewState":{"showFog":false,"showMaterialUpdate":false,"showSkybox":false,"showFlares":false,"showImageEffects":true,"showParticleSystems":true},"in2DMode":false,"pivot":{"x":13.336943626403809,"y":4.7156829833984379,"z":-37.49673080444336},"rotation":{"x":-0.06383609026670456,"y":-0.3746001720428467,"z":0.026080278679728509,"w":-0.9246746301651001},"size":21.083621978759767,"orthographic":false}