{"cameraMode":{"drawMode":0,"name":"Shaded","section":"Shading Mode"},"sceneLighting":false,"audioPlay":false,"sceneViewState":{"showFog":false,"showMaterialUpdate":false,"showSkybox":false,"showFlares":false,"showImageEffects":true,"showParticleSystems":true},"in2DMode":false,"pivot":{"x":12.671553611755371,"y":0.46455955505371096,"z":-139.9097900390625},"rotation":{"x":0.13870368897914887,"y":0.8100246787071228,"z":-0.21279901266098023,"w":0.5286532640457153},"size":12.340263366699219,"orthographic":false}