{"cameraMode":{"drawMode":0,"name":"Shaded","section":"Shading Mode"},"sceneLighting":false,"audioPlay":false,"sceneViewState":{"showFog":false,"showMaterialUpdate":false,"showSkybox":false,"showFlares":false,"showImageEffects":true,"showParticleSystems":true},"in2DMode":false,"pivot":{"x":19.78150177001953,"y":0.7366697788238525,"z":-99.46037292480469},"rotation":{"x":0.15234187245368958,"y":-0.7148335576057434,"z":0.16344231367111207,"w":0.6628102660179138},"size":4.282943248748779,"orthographic":false}