{"cameraMode":{"drawMode":0,"name":"Shaded","section":"Shading Mode"},"sceneLighting":false,"audioPlay":false,"sceneViewState":{"showFog":false,"showMaterialUpdate":false,"showSkybox":false,"showFlares":false,"showImageEffects":true,"showParticleSystems":true},"in2DMode":false,"pivot":{"x":-67.856689453125,"y":3.742049217224121,"z":-68.6513900756836},"rotation":{"x":0.03794686868786812,"y":-0.9496802687644959,"z":0.12635661661624909,"w":0.28431475162506106},"size":22.956552505493165,"orthographic":false}