{"cameraMode":{"drawMode":0,"name":"Shaded","section":"Shading Mode"},"sceneLighting":false,"audioPlay":false,"sceneViewState":{"showFog":false,"showMaterialUpdate":false,"showSkybox":false,"showFlares":false,"showImageEffects":true,"showParticleSystems":true},"in2DMode":false,"pivot":{"x":-104.24003601074219,"y":17.425586700439454,"z":-99.29548645019531},"rotation":{"x":0.06472890824079514,"y":0.03354824706912041,"z":-0.002175132045522332,"w":0.9973516464233398},"size":17.823089599609376,"orthographic":false}