{"cameraMode":{"drawMode":0,"name":"Shaded","section":"Shading Mode"},"sceneLighting":false,"audioPlay":false,"sceneViewState":{"showFog":false,"showMaterialUpdate":false,"showSkybox":false,"showFlares":false,"showImageEffects":true,"showParticleSystems":true},"in2DMode":false,"pivot":{"x":-50.179222106933597,"y":5.22432804107666,"z":-88.7730712890625},"rotation":{"x":-0.1575177013874054,"y":0.8276968002319336,"z":-0.283549427986145,"w":-0.45813265442848208},"size":6.886717319488525,"orthographic":false}