{"cameraMode":{"drawMode":0,"name":"Shaded","section":"Shading Mode"},"sceneLighting":false,"audioPlay":false,"sceneViewState":{"showFog":false,"showMaterialUpdate":false,"showSkybox":false,"showFlares":false,"showImageEffects":true,"showParticleSystems":true},"in2DMode":false,"pivot":{"x":-70.40617370605469,"y":1.6792716979980469,"z":-110.12361907958985},"rotation":{"x":0.06391718983650208,"y":0.33096155524253847,"z":-0.022492293268442155,"w":0.9412306547164917},"size":2.400790214538574,"orthographic":false}