{"cameraMode":{"drawMode":0,"name":"Shaded","section":"Shading Mode"},"sceneLighting":false,"audioPlay":false,"sceneViewState":{"showFog":false,"showMaterialUpdate":false,"showSkybox":false,"showFlares":false,"showImageEffects":true,"showParticleSystems":true},"in2DMode":false,"pivot":{"x":-165.9419708251953,"y":-93.43508911132813,"z":-75.69166564941406},"rotation":{"x":0.21705251932144166,"y":-0.6892734169960022,"z":0.22942300140857697,"w":0.6521285176277161},"size":100.1015625,"orthographic":false}