{"cameraMode":{"drawMode":0,"name":"Shaded","section":"Shading Mode"},"sceneLighting":false,"audioPlay":false,"sceneViewState":{"showFog":false,"showMaterialUpdate":false,"showSkybox":false,"showFlares":false,"showImageEffects":true,"showParticleSystems":true},"in2DMode":false,"pivot":{"x":3.2132415771484377,"y":2.8403055667877199,"z":8.64282512664795},"rotation":{"x":0.002994994167238474,"y":-0.07136543840169907,"z":-0.0000554170946998056,"w":-0.9975014925003052},"size":8.778428077697754,"orthographic":false}