{"cameraMode":{"drawMode":0,"name":"Shaded","section":"Shading Mode"},"sceneLighting":false,"audioPlay":false,"sceneViewState":{"showFog":false,"showMaterialUpdate":false,"showSkybox":false,"showFlares":false,"showImageEffects":true,"showParticleSystems":true},"in2DMode":false,"pivot":{"x":10.868839263916016,"y":51.01763916015625,"z":-105.81301879882813},"rotation":{"x":0.13384881615638734,"y":-0.3628697693347931,"z":0.052611853927373889,"w":0.9207475185394287},"size":25.804677963256837,"orthographic":false}