{"cameraMode":{"drawMode":0,"name":"Shaded","section":"Shading Mode"},"sceneLighting":false,"audioPlay":false,"sceneViewState":{"showFog":false,"showMaterialUpdate":false,"showSkybox":false,"showFlares":false,"showImageEffects":true,"showParticleSystems":true},"in2DMode":false,"pivot":{"x":-35.03199768066406,"y":0.8970596790313721,"z":-67.41022491455078},"rotation":{"x":-0.20705361664295197,"y":-0.1248369887471199,"z":0.026761896908283235,"w":-0.97003573179245},"size":2.9320507049560549,"orthographic":false}