{"cameraMode":{"drawMode":0,"name":"Shaded","section":"Shading Mode"},"sceneLighting":false,"audioPlay":false,"sceneViewState":{"showFog":false,"showMaterialUpdate":false,"showSkybox":false,"showFlares":false,"showImageEffects":true,"showParticleSystems":true},"in2DMode":false,"pivot":{"x":-94.25454711914063,"y":130.70904541015626,"z":-245.96295166015626},"rotation":{"x":0.17053310573101045,"y":-0.36700788140296938,"z":0.0684884712100029,"w":0.9119702577590942},"size":25.660289764404298,"orthographic":false}