{"cameraMode":{"drawMode":0,"name":"Shaded","section":"Shading Mode"},"sceneLighting":false,"audioPlay":false,"sceneViewState":{"showFog":false,"showMaterialUpdate":false,"showSkybox":false,"showFlares":false,"showImageEffects":true,"showParticleSystems":true},"in2DMode":false,"pivot":{"x":10.297491073608399,"y":1.182337999343872,"z":-87.01396942138672},"rotation":{"x":-0.10323649644851685,"y":-0.7999505400657654,"z":0.14485083520412446,"w":-0.5732715129852295},"size":2.058291435241699,"orthographic":false}