{"cameraMode":{"drawMode":0,"name":"Shaded","section":"Shading Mode"},"sceneLighting":false,"audioPlay":false,"sceneViewState":{"showFog":false,"showMaterialUpdate":false,"showSkybox":false,"showFlares":false,"showImageEffects":true,"showParticleSystems":true},"in2DMode":false,"pivot":{"x":-128.23660278320313,"y":0.6077867746353149,"z":-53.36640930175781},"rotation":{"x":-0.11894534528255463,"y":0.8721157312393189,"z":-0.25986650586128237,"w":-0.3973849415779114},"size":13.961832046508789,"orthographic":false}