{"cameraMode":{"drawMode":0,"name":"Shaded","section":"Shading Mode"},"sceneLighting":false,"audioPlay":false,"sceneViewState":{"showFog":false,"showMaterialUpdate":false,"showSkybox":false,"showFlares":false,"showImageEffects":true,"showParticleSystems":true},"in2DMode":false,"pivot":{"x":-35.58314514160156,"y":0.6626554131507874,"z":-67.32574462890625},"rotation":{"x":-0.2452164888381958,"y":-0.7065861821174622,"z":0.29096949100494387,"w":-0.5968202352523804},"size":2.8458542823791506,"orthographic":false}