{"cameraMode":{"drawMode":0,"name":"Shaded","section":"Shading Mode"},"sceneLighting":false,"audioPlay":false,"sceneViewState":{"showFog":false,"showMaterialUpdate":false,"showSkybox":false,"showFlares":false,"showImageEffects":true,"showParticleSystems":true},"in2DMode":false,"pivot":{"x":-91.45205688476563,"y":2.424104690551758,"z":-107.96196746826172},"rotation":{"x":0.07979525625705719,"y":0.9063912630081177,"z":-0.36351361870765688,"w":0.20030903816223145},"size":7.791145324707031,"orthographic":false}