{"cameraMode":{"drawMode":0,"name":"Shaded","section":"Shading Mode"},"sceneLighting":false,"audioPlay":false,"sceneViewState":{"showFog":false,"showMaterialUpdate":false,"showSkybox":false,"showFlares":false,"showImageEffects":true,"showParticleSystems":true},"in2DMode":false,"pivot":{"x":8.384761810302735,"y":14.613505363464356,"z":-34.99700164794922},"rotation":{"x":-0.031503308564424518,"y":-0.00691311527043581,"z":0.00041962452814914286,"w":-0.9995315074920654},"size":8.11590576171875,"orthographic":false}