{"cameraMode":{"drawMode":0,"name":"Shaded","section":"Shading Mode"},"sceneLighting":false,"audioPlay":false,"sceneViewState":{"showFog":false,"showMaterialUpdate":false,"showSkybox":false,"showFlares":false,"showImageEffects":true,"showParticleSystems":true},"in2DMode":false,"pivot":{"x":-48.732032775878909,"y":6.944496154785156,"z":-103.28180694580078},"rotation":{"x":-0.1575177013874054,"y":0.8276968002319336,"z":-0.283549427986145,"w":-0.45813265442848208},"size":6.881505489349365,"orthographic":false}