{"cameraMode":{"drawMode":0,"name":"Shaded","section":"Shading Mode"},"sceneLighting":false,"audioPlay":false,"sceneViewState":{"showFog":false,"showMaterialUpdate":false,"showSkybox":false,"showFlares":false,"showImageEffects":true,"showParticleSystems":true},"in2DMode":false,"pivot":{"x":-89.17063903808594,"y":1.8642971515655518,"z":-101.34245300292969},"rotation":{"x":-0.04024083539843559,"y":-0.9491092562675476,"z":0.28149083256721499,"w":-0.1359850913286209},"size":3.6436963081359865,"orthographic":false}