{"cameraMode":{"drawMode":0,"name":"Shaded","section":"Shading Mode"},"sceneLighting":false,"audioPlay":false,"sceneViewState":{"showFog":false,"showMaterialUpdate":false,"showSkybox":false,"showFlares":false,"showImageEffects":true,"showParticleSystems":true},"in2DMode":false,"pivot":{"x":28.78546905517578,"y":2.360867977142334,"z":78.76000213623047},"rotation":{"x":0.0711444839835167,"y":0.1722874790430069,"z":-0.012591728940606118,"w":0.9824615120887756},"size":5.8322553634643559,"orthographic":false}