{"cameraMode":{"drawMode":0,"name":"Shaded","section":"Shading Mode"},"sceneLighting":false,"audioPlay":false,"sceneViewState":{"showFog":false,"showMaterialUpdate":false,"showSkybox":false,"showFlares":false,"showImageEffects":true,"showParticleSystems":true},"in2DMode":false,"pivot":{"x":-37.04582214355469,"y":-0.869534969329834,"z":-60.7181396484375},"rotation":{"x":0.07947701215744019,"y":0.7861809730529785,"z":-0.10342998057603836,"w":0.6040989756584168},"size":7.277667045593262,"orthographic":false}