{"cameraMode":{"drawMode":0,"name":"Shaded","section":"Shading Mode"},"sceneLighting":false,"audioPlay":false,"sceneViewState":{"showFog":false,"showMaterialUpdate":false,"showSkybox":false,"showFlares":false,"showImageEffects":true,"showParticleSystems":true},"in2DMode":false,"pivot":{"x":26.250701904296876,"y":5.999022960662842,"z":-23.624582290649415},"rotation":{"x":-0.08538755774497986,"y":-0.30943596363067629,"z":0.028096044436097146,"w":-0.9466989636421204},"size":24.693620681762697,"orthographic":false}