{"cameraMode":{"drawMode":0,"name":"Shaded","section":"Shading Mode"},"sceneLighting":false,"audioPlay":false,"sceneViewState":{"showFog":false,"showMaterialUpdate":false,"showSkybox":false,"showFlares":false,"showImageEffects":true,"showParticleSystems":true},"in2DMode":false,"pivot":{"x":-85.28707885742188,"y":0.4117836356163025,"z":-134.34242248535157},"rotation":{"x":-0.22163449227809907,"y":-0.6560851335525513,"z":0.21075224876403809,"w":-0.6899889707565308},"size":2.592637062072754,"orthographic":false}