{"cameraMode":{"drawMode":0,"name":"Shaded","section":"Shading Mode"},"sceneLighting":false,"audioPlay":false,"sceneViewState":{"showFog":false,"showMaterialUpdate":false,"showSkybox":false,"showFlares":false,"showImageEffects":true,"showParticleSystems":true},"in2DMode":false,"pivot":{"x":-118.80587005615235,"y":0.5376338958740234,"z":-57.68649673461914},"rotation":{"x":0.34111371636390688,"y":0.23661595582962037,"z":-0.0891532450914383,"w":0.9054002165794373},"size":26.430770874023439,"orthographic":false}