{"cameraMode":{"drawMode":0,"name":"Shaded","section":"Shading Mode"},"sceneLighting":false,"audioPlay":false,"sceneViewState":{"showFog":false,"showMaterialUpdate":false,"showSkybox":false,"showFlares":false,"showImageEffects":true,"showParticleSystems":true},"in2DMode":false,"pivot":{"x":-58.148170471191409,"y":2.402416229248047,"z":-83.46521759033203},"rotation":{"x":0.017297260463237764,"y":0.9426881670951843,"z":-0.32958054542541506,"w":0.050928205251693729},"size":3.054842472076416,"orthographic":false}