{"cameraMode":{"drawMode":0,"name":"Shaded","section":"Shading Mode"},"sceneLighting":false,"audioPlay":false,"sceneViewState":{"showFog":false,"showMaterialUpdate":false,"showSkybox":false,"showFlares":false,"showImageEffects":true,"showParticleSystems":true},"in2DMode":false,"pivot":{"x":-146.55560302734376,"y":0.0877685546875,"z":-90.68461608886719},"rotation":{"x":0.2497289627790451,"y":-0.3977701961994171,"z":0.11338772624731064,"w":0.8756003975868225},"size":33.03841781616211,"orthographic":false}