{"cameraMode":{"drawMode":0,"name":"Shaded","section":"Shading Mode"},"sceneLighting":false,"audioPlay":false,"sceneViewState":{"showFog":false,"showMaterialUpdate":false,"showSkybox":false,"showFlares":false,"showImageEffects":true,"showParticleSystems":true},"in2DMode":false,"pivot":{"x":-1.763484001159668,"y":0.7614353895187378,"z":-44.94438552856445},"rotation":{"x":-0.03496083989739418,"y":0.7616720795631409,"z":-0.04113505035638809,"w":-0.6457559466362},"size":13.44323444366455,"orthographic":false}