{"cameraMode":{"drawMode":0,"name":"Shaded","section":"Shading Mode"},"sceneLighting":false,"audioPlay":false,"sceneViewState":{"showFog":false,"showMaterialUpdate":false,"showSkybox":false,"showFlares":false,"showImageEffects":true,"showParticleSystems":true},"in2DMode":false,"pivot":{"x":-69.7659912109375,"y":18.670372009277345,"z":-105.53413391113281},"rotation":{"x":0.06472890824079514,"y":0.03354824706912041,"z":-0.002175132045522332,"w":0.9973516464233398},"size":27.434310913085939,"orthographic":false}