{"cameraMode":{"drawMode":0,"name":"Shaded","section":"Shading Mode"},"sceneLighting":false,"audioPlay":false,"sceneViewState":{"showFog":false,"showMaterialUpdate":false,"showSkybox":false,"showFlares":false,"showImageEffects":true,"showParticleSystems":true},"in2DMode":false,"pivot":{"x":-49.27934265136719,"y":6.7338385581970219,"z":-94.08587646484375},"rotation":{"x":-0.1575177013874054,"y":0.8276968002319336,"z":-0.283549427986145,"w":-0.45813265442848208},"size":6.861799716949463,"orthographic":false}