{"cameraMode":{"drawMode":0,"name":"Shaded","section":"Shading Mode"},"sceneLighting":false,"audioPlay":false,"sceneViewState":{"showFog":false,"showMaterialUpdate":false,"showSkybox":false,"showFlares":false,"showImageEffects":true,"showParticleSystems":true},"in2DMode":false,"pivot":{"x":2.747086524963379,"y":-7.105234146118164,"z":11.151065826416016},"rotation":{"x":-0.16519933938980103,"y":-0.07919887453317642,"z":0.013493183068931103,"w":-0.9830376505851746},"size":14.987162590026856,"orthographic":false}