{"cameraMode":{"drawMode":0,"name":"Shaded","section":"Shading Mode"},"sceneLighting":false,"audioPlay":false,"sceneViewState":{"showFog":false,"showMaterialUpdate":false,"showSkybox":false,"showFlares":false,"showImageEffects":true,"showParticleSystems":true},"in2DMode":false,"pivot":{"x":2.43626070022583,"y":-0.7018399238586426,"z":-33.5915412902832},"rotation":{"x":-0.000282793102087453,"y":-0.9191253185272217,"z":0.3940391540527344,"w":-0.0008191715460270643},"size":4.274320125579834,"orthographic":false}