{"cameraMode":{"drawMode":0,"name":"Shaded","section":"Shading Mode"},"sceneLighting":false,"audioPlay":false,"sceneViewState":{"showFog":false,"showMaterialUpdate":false,"showSkybox":false,"showFlares":false,"showImageEffects":true,"showParticleSystems":true},"in2DMode":false,"pivot":{"x":-87.38628387451172,"y":10.170498847961426,"z":-32.716224670410159},"rotation":{"x":0.0020180041901767256,"y":0.9971430897712708,"z":-0.028735684230923654,"w":0.07040134817361832},"size":5.679630756378174,"orthographic":false}