{"cameraMode":{"drawMode":0,"name":"Shaded","section":"Shading Mode"},"sceneLighting":false,"audioPlay":false,"sceneViewState":{"showFog":false,"showMaterialUpdate":false,"showSkybox":false,"showFlares":false,"showImageEffects":true,"showParticleSystems":true},"in2DMode":false,"pivot":{"x":-129.75030517578126,"y":1.1342601776123047,"z":-137.51947021484376},"rotation":{"x":-0.3165495991706848,"y":0.5393726825714111,"z":-0.22814619541168214,"w":-0.7463249564170837},"size":6.983785629272461,"orthographic":false}