{"cameraMode":{"drawMode":0,"name":"Shaded","section":"Shading Mode"},"sceneLighting":false,"audioPlay":false,"sceneViewState":{"showFog":false,"showMaterialUpdate":false,"showSkybox":false,"showFlares":false,"showImageEffects":true,"showParticleSystems":true},"in2DMode":false,"pivot":{"x":-114.1502456665039,"y":0.555829644203186,"z":-82.6023178100586},"rotation":{"x":-0.18931370973587037,"y":0.8091365098953247,"z":-0.4244474172592163,"w":-0.35983574390411379},"size":17.44750213623047,"orthographic":false}