{"cameraMode":{"drawMode":0,"name":"Shaded","section":"Shading Mode"},"sceneLighting":false,"audioPlay":false,"sceneViewState":{"showFog":false,"showMaterialUpdate":false,"showSkybox":false,"showFlares":false,"showImageEffects":true,"showParticleSystems":true},"in2DMode":false,"pivot":{"x":-87.95795440673828,"y":17.433380126953126,"z":-89.38025665283203},"rotation":{"x":-0.272119402885437,"y":0.6533539295196533,"z":-0.2718800902366638,"w":-0.6521797180175781},"size":26.96200942993164,"orthographic":false}