{"cameraMode":{"drawMode":0,"name":"Shaded","section":"Shading Mode"},"sceneLighting":false,"audioPlay":false,"sceneViewState":{"showFog":false,"showMaterialUpdate":false,"showSkybox":false,"showFlares":false,"showImageEffects":true,"showParticleSystems":true},"in2DMode":false,"pivot":{"x":-31.040555953979493,"y":6.0762176513671879,"z":-78.12303924560547},"rotation":{"x":0.02897883951663971,"y":-0.9477221965789795,"z":0.09012351930141449,"w":0.3047375977039337},"size":3.24358868598938,"orthographic":false}