{"cameraMode":{"drawMode":0,"name":"Shaded","section":"Shading Mode"},"sceneLighting":false,"audioPlay":false,"sceneViewState":{"showFog":false,"showMaterialUpdate":false,"showSkybox":false,"showFlares":false,"showImageEffects":true,"showParticleSystems":true},"in2DMode":false,"pivot":{"x":-84.42694091796875,"y":0.6077867746353149,"z":-53.37640380859375},"rotation":{"x":0.34111371636390688,"y":0.23661595582962037,"z":-0.0891532450914383,"w":0.9054002165794373},"size":11.884631156921387,"orthographic":false}