{"cameraMode":{"drawMode":0,"name":"Shaded","section":"Shading Mode"},"sceneLighting":false,"audioPlay":false,"sceneViewState":{"showFog":false,"showMaterialUpdate":false,"showSkybox":false,"showFlares":false,"showImageEffects":true,"showParticleSystems":true},"in2DMode":false,"pivot":{"x":-54.69700241088867,"y":7.087510585784912,"z":-67.08309173583985},"rotation":{"x":0.06472890824079514,"y":0.03354824706912041,"z":-0.002175132045522332,"w":0.9973516464233398},"size":10.875839233398438,"orthographic":false}