{"cameraMode":{"drawMode":0,"name":"Shaded","section":"Shading Mode"},"sceneLighting":false,"audioPlay":false,"sceneViewState":{"showFog":false,"showMaterialUpdate":false,"showSkybox":true,"showFlares":false,"showImageEffects":true,"showParticleSystems":true},"in2DMode":false,"pivot":{"x":-82.7017593383789,"y":-26.138370513916017,"z":-118.05975341796875},"rotation":{"x":-0.3149682879447937,"y":-0.6783319115638733,"z":0.4100322723388672,"w":-0.5223191976547241},"size":69.861328125,"orthographic":false}